experiment,dataset,threshold,accuracy,dice,sensitivity,specificity,auc
E3_Green_CLAHE_UNet,DRIVE_test,0.3,0.9534019943787154,0.8212429549378581,0.8459153372062262,0.9693921803499359,0.9775807932766354
E4_Green_Attention_UNet,DRIVE_test,0.3,0.9527611695348591,0.8206654524976289,0.8546153174979443,0.9673599726856275,0.9790001436147288
E2_Green_UNet,DRIVE_test,0.25,0.952316184642141,0.8191524267411825,0.8538177033801071,0.9670015526319717,0.9791524220592143
E5_Green_CLAHE_Attention_UNet,DRIVE_test,0.25,0.9521755614678419,0.8169289186835647,0.8437417066903731,0.9682893182987353,0.9770386621661503
E1_RGB_UNet,DRIVE_test,0.35,0.950934962984625,0.8133914328363824,0.8507824650914187,0.9661928568709603,0.977311402657586
