experiment,matched_unet_experiment,dataset,threshold,accuracy,dice,sensitivity,specificity,auc
M2_E3_Green_CLAHE_NoSkip,E3_Green_CLAHE_UNet,DRIVE_test,0.4,0.9208946890175239,0.7008971781432765,0.7325319827600891,0.9486432345521939,0.9251354082036622
M2_E1_RGB_NoSkip,E1_RGB_UNet,DRIVE_test,0.4,0.9179905433883183,0.6948367577033736,0.7378023088318719,0.9446161440405936,0.9244432489017568
M2_E2_Green_NoSkip,E2_Green_UNet,DRIVE_test,0.35,0.9189353981004134,0.6940251299988313,0.7261571892030576,0.9472735040569165,0.9214810389049474
